,mean_fit_time,std_fit_time,mean_score_time,std_score_time,param_smote__sampling_strategy,param_mlp__learning_rate_init,param_mlp__hidden_layer_sizes,param_mlp__alpha,param_mlp__activation,params,split0_test_average_precision,split1_test_average_precision,split2_test_average_precision,split3_test_average_precision,split4_test_average_precision,mean_test_average_precision,std_test_average_precision,rank_test_average_precision,split0_test_roc_auc,split1_test_roc_auc,split2_test_roc_auc,split3_test_roc_auc,split4_test_roc_auc,mean_test_roc_auc,std_test_roc_auc,rank_test_roc_auc
0,321.86105012893677,1.3536485570118018,0.1602015495300293,0.030213883578440303,0.33,0.0001,"(32, 32)",0.001,tanh,"{'smote__sampling_strategy': 0.33, 'mlp__learning_rate_init': 0.0001, 'mlp__hidden_layer_sizes': (32, 32), 'mlp__alpha': 0.001, 'mlp__activation': 'tanh'}",0.4340410825154233,0.4169035254253561,0.40705200228504085,0.4745278448813157,0.4406773918724678,0.4346403693959207,0.023253082030674093,13,0.9074606844198538,0.9046481943779547,0.9020781677843379,0.9175448215967971,0.9124303879141152,0.9088324512186118,0.00554726311329825,7
1,71.59861760139465,14.157422669085244,0.12266407012939454,0.01826937947452872,0.5,0.01,"(4, 4)",0.0001,tanh,"{'smote__sampling_strategy': 0.5, 'mlp__learning_rate_init': 0.01, 'mlp__hidden_layer_sizes': (4, 4), 'mlp__alpha': 0.0001, 'mlp__activation': 'tanh'}",0.4449911941584928,0.4189766898342787,0.40809354485312954,0.4471226749673174,0.42385837850915775,0.42860849646447524,0.015148373830450935,22,0.9079971862205855,0.907175733074329,0.89333106403755,0.9111075742856022,0.9005813682485477,0.9040385851733228,0.00635745521433966,25
2,293.45599298477174,22.949823259082837,0.15069026947021485,0.01708816777040845,0.5,0.001,"(16, 16)",0.001,logistic,"{'smote__sampling_strategy': 0.5, 'mlp__learning_rate_init': 0.001, 'mlp__hidden_layer_sizes': (16, 16), 'mlp__alpha': 0.001, 'mlp__activation': 'logistic'}",0.4339062446702783,0.4143056092886976,0.4019966404438582,0.45738162034768465,0.42883861377015736,0.42728574570413513,0.018761806216780703,23,0.9013218586539404,0.90133303321651,0.8961970937418705,0.9121907015426284,0.9133540513620663,0.9048793477034032,0.006721459747615183,21
3,27.24492015838623,6.494383924107144,0.09017524719238282,0.012234747872051642,1,0.1,"(4, 4)",0.0001,tanh,"{'smote__sampling_strategy': 1, 'mlp__learning_rate_init': 0.1, 'mlp__hidden_layer_sizes': (4, 4), 'mlp__alpha': 0.0001, 'mlp__activation': 'tanh'}",0.3288137140216556,0.34220335740718766,0.2765080038854842,0.31237861231127506,0.34339993050725853,0.3206607236265722,0.024761598819642988,50,0.8668024990005827,0.8735372298050634,0.8582914425384038,0.8776978516544983,0.8457630465928718,0.864418413918284,0.011408265773399038,50
4,215.5867810726166,30.040801022373305,0.19282889366149902,0.03417156593609911,0.25,0.01,"(32, 32)",1e-05,relu,"{'smote__sampling_strategy': 0.25, 'mlp__learning_rate_init': 0.01, 'mlp__hidden_layer_sizes': (32, 32), 'mlp__alpha': 1e-05, 'mlp__activation': 'relu'}",0.3729819459487073,0.3511270189863019,0.39855696376024435,0.4101622685040019,0.4022299540052755,0.3870116302409062,0.021842076469472758,40,0.8851644235574269,0.8856761816838973,0.8891670966110317,0.8991755107748468,0.907972393134715,0.8934311211523835,0.008844273668022732,42
5,65.32902998924256,11.229026940455876,0.08518562316894532,0.002955973082747545,0.25,0.001,"(8, 8)",0.1,tanh,"{'smote__sampling_strategy': 0.25, 'mlp__learning_rate_init': 0.001, 'mlp__hidden_layer_sizes': (8, 8), 'mlp__alpha': 0.1, 'mlp__activation': 'tanh'}",0.4585557975315445,0.4407736431054841,0.41784127923322034,0.46682235962762103,0.45156285041577127,0.44711118598272825,0.016948266619525615,4,0.9150326171359706,0.9096151032440553,0.899141897972437,0.9146587719814728,0.9082198073677186,0.9093336395403309,0.005762409587374047,6
6,411.6976472377777,0.5832824794601903,0.2417154312133789,0.010467292948974331,0.5,0.0001,"(32, 32)",0.1,logistic,"{'smote__sampling_strategy': 0.5, 'mlp__learning_rate_init': 0.0001, 'mlp__hidden_layer_sizes': (32, 32), 'mlp__alpha': 0.1, 'mlp__activation': 'logistic'}",0.45961468923439247,0.43880150362772163,0.4120540702557423,0.46521372765327745,0.42708275803335105,0.440553349760897,0.019840381241278224,8,0.9149642803879489,0.9081928638629443,0.89783250939354,0.9145490486143824,0.9082615746192494,0.9087600553756129,0.006196552286377314,8
7,84.57818951606751,14.748428884273343,0.08546972274780273,0.00916158663617271,1,0.01,"(8, 8)",0.01,relu,"{'smote__sampling_strategy': 1, 'mlp__learning_rate_init': 0.01, 'mlp__hidden_layer_sizes': (8, 8), 'mlp__alpha': 0.01, 'mlp__activation': 'relu'}",0.43935858415429985,0.4231021379496097,0.40606620827710505,0.46618856631146294,0.4411956471435624,0.4351822287672079,0.02004328993023929,12,0.9072173306904878,0.9053436881005216,0.8961307217521026,0.9090048293001255,0.9110329636226253,0.9057459066931726,0.005164343082338948,20
8,270.76000328063964,2.1092296525270084,0.17383270263671874,0.01853536097765414,0.5,0.0001,"(16, 16)",1e-05,logistic,"{'smote__sampling_strategy': 0.5, 'mlp__learning_rate_init': 0.0001, 'mlp__hidden_layer_sizes': (16, 16), 'mlp__alpha': 1e-05, 'mlp__activation': 'logistic'}",0.46017002911027083,0.4444767807406673,0.40937503279463994,0.4635908373992324,0.4204456254488785,0.43961166109873784,0.021461162103716402,9,0.9156078001148279,0.9117651627608808,0.8995653647748685,0.9177106026260009,0.91081281156775,0.9110923483688657,0.006286378364173811,3
9,133.57241387367247,11.210851856014926,0.23661298751831056,0.00820313167031805,0.33,0.01,"(32, 32)",0.01,logistic,"{'smote__sampling_strategy': 0.33, 'mlp__learning_rate_init': 0.01, 'mlp__hidden_layer_sizes': (32, 32), 'mlp__alpha': 0.01, 'mlp__activation': 'logistic'}",0.4534009111625623,0.42465294118414015,0.4282385592946351,0.4478867023339297,0.4566830019479629,0.44217242318464606,0.013193738188883171,7,0.9070133949235928,0.9007601833880794,0.9039047789735992,0.9085207646412309,0.9131977154969383,0.9066793674846881,0.004212511374519549,15
10,398.5710201740265,6.044253547460765,0.19684362411499023,0.017077604790399357,0.33,0.001,"(64, 64)",0.001,tanh,"{'smote__sampling_strategy': 0.33, 'mlp__learning_rate_init': 0.001, 'mlp__hidden_layer_sizes': (64, 64), 'mlp__alpha': 0.001, 'mlp__activation': 'tanh'}",0.3261679195125368,0.36184199525074756,0.331594110788296,0.3762184776891966,0.40957705456384563,0.3610799115609245,0.030561379129240777,48,0.863305321406514,0.8786928782609383,0.8762412897508202,0.8875823078583766,0.9003987821871565,0.8812441158927612,0.012332164033315222,48
11,166.528813791275,19.707095720769157,0.21293463706970214,0.020757715330796605,0.5,0.01,"(64, 64)",0.001,tanh,"{'smote__sampling_strategy': 0.5, 'mlp__learning_rate_init': 0.01, 'mlp__hidden_layer_sizes': (64, 64), 'mlp__alpha': 0.001, 'mlp__activation': 'tanh'}",0.3689519992709197,0.3823924327329911,0.35814602163305725,0.3898545393864457,0.4329918304465406,0.38646736469399084,0.025696266013267244,41,0.8877064523459245,0.8886250382283627,0.8929298849615622,0.9065686822892134,0.9038354726016643,0.8959331060853455,0.007818796613487914,38
12,63.76127738952637,23.39655450685275,0.10924749374389649,0.007318317548397232,1,0.1,"(32, 32)",0.1,relu,"{'smote__sampling_strategy': 1, 'mlp__learning_rate_init': 0.1, 'mlp__hidden_layer_sizes': (32, 32), 'mlp__alpha': 0.1, 'mlp__activation': 'relu'}",0.3969290783344865,0.3891367324509087,0.36964848249313564,0.39736514079501406,0.24684124349618908,0.3599841355139468,0.0574575597822971,49,0.8880970708462971,0.8788535893462457,0.8700521170546484,0.8741576630946772,0.8668908359828859,0.8756102552649508,0.007422546413729606,49
13,158.14873189926146,20.681708030323914,0.08584675788879395,0.009824200433265621,1,0.0001,"(4, 4)",0.01,relu,"{'smote__sampling_strategy': 1, 'mlp__learning_rate_init': 0.0001, 'mlp__hidden_layer_sizes': (4, 4), 'mlp__alpha': 0.01, 'mlp__activation': 'relu'}",0.4580920268910573,0.42413678829336027,0.3594056573397137,0.45941106463667936,0.3957363305040919,0.4193563735329805,0.03815671969795949,26,0.9130642977576398,0.9022049867897637,0.8919047109438448,0.9141870044355471,0.9004430027280578,0.9043608005309706,0.008336138044235362,23
14,56.01619033813476,13.644779066412772,0.09482064247131347,0.008450208184955505,0.5,0.1,"(8, 8)",1e-05,relu,"{'smote__sampling_strategy': 0.5, 'mlp__learning_rate_init': 0.1, 'mlp__hidden_layer_sizes': (8, 8), 'mlp__alpha': 1e-05, 'mlp__activation': 'relu'}",0.3854877305299162,0.39866418949537863,0.37368765000203724,0.40693311103699537,0.4073361930805379,0.39442177482897306,0.013046339674902855,37,0.9004959234029173,0.8948842054373334,0.8896636585603812,0.9042835965712827,0.8970400450423929,0.8972734858028615,0.0049638368826126645,36
15,345.4414807796478,1.0330464529790881,0.1672987461090088,0.006442603286494231,0.33,0.0001,"(64, 64)",0.0001,tanh,"{'smote__sampling_strategy': 0.33, 'mlp__learning_rate_init': 0.0001, 'mlp__hidden_layer_sizes': (64, 64), 'mlp__alpha': 0.0001, 'mlp__activation': 'tanh'}",0.43435138658299255,0.41283093947059657,0.41822951914668965,0.4529096247651479,0.4272360667619949,0.42911150734548426,0.014005702852863169,21,0.9067849917765656,0.903378162362833,0.9040219276844936,0.91233845089496,0.9136397982414822,0.9080326661920669,0.0042257977340812184,10
16,603.2340233802795,342.82320660978013,2.0932965755462645,0.45274708643576256,1,0.1,"(64, 64)",0.0001,relu,"{'smote__sampling_strategy': 1, 'mlp__learning_rate_init': 0.1, 'mlp__hidden_layer_sizes': (64, 64), 'mlp__alpha': 0.0001, 'mlp__activation': 'relu'}",0.43812089699027423,0.34085894373678316,0.3296279287476254,0.45968638959007346,0.42843093867326376,0.399345019547604,0.05342608747568396,35,0.89959925685475,0.8913690687248492,0.8961191480980126,0.8957665425302246,0.9020663749705605,0.8969840782356794,0.003644934250568645,37
17,148.76154851913452,15.359900555470807,0.06715693473815917,0.004746256067589182,1,0.001,"(16, 16)",0.1,relu,"{'smote__sampling_strategy': 1, 'mlp__learning_rate_init': 0.001, 'mlp__hidden_layer_sizes': (16, 16), 'mlp__alpha': 0.1, 'mlp__activation': 'relu'}",0.4396736918761899,0.42160329476580893,0.4008350397596285,0.46210435647544457,0.4625256497524042,0.43734840652589513,0.02380458814303326,11,0.9044604985660027,0.9025199927967051,0.9038918852475574,0.9142382781833881,0.9132832739637307,0.9076787857514768,0.005014944898412493,12
18,49.848605489730836,11.066855246203755,0.18537135124206544,0.002151262845476518,1,0.1,"(32, 32)",1e-05,logistic,"{'smote__sampling_strategy': 1, 'mlp__learning_rate_init': 0.1, 'mlp__hidden_layer_sizes': (32, 32), 'mlp__alpha': 1e-05, 'mlp__activation': 'logistic'}",0.4052411817029651,0.4029019744504466,0.3561577391513672,0.4197964452288069,0.39966828495078544,0.3967531250968742,0.021435174704500945,36,0.8998644378203438,0.883363292826772,0.8812532652593719,0.8931710543747056,0.8907870704290313,0.889687824142045,0.006753461055098499,43
19,28.43269329071045,6.512265035136134,0.11771073341369628,0.0012417272169808371,0.25,0.1,"(16, 16)",0.01,logistic,"{'smote__sampling_strategy': 0.25, 'mlp__learning_rate_init': 0.1, 'mlp__hidden_layer_sizes': (16, 16), 'mlp__alpha': 0.01, 'mlp__activation': 'logistic'}",0.4172988390775827,0.35970775526290005,0.365922710940935,0.40010788413768006,0.3975983353888515,0.38812710496158986,0.021839999532635605,39,0.8940364122507344,0.886269538676604,0.8708988664634248,0.8785290567593028,0.8823461910229236,0.882416013034598,0.007715456009300252,47
20,49.636828088760375,12.460001716894771,0.08130273818969727,0.0017719567178835775,1,0.01,"(16, 16)",0.1,tanh,"{'smote__sampling_strategy': 1, 'mlp__learning_rate_init': 0.01, 'mlp__hidden_layer_sizes': (16, 16), 'mlp__alpha': 0.1, 'mlp__activation': 'tanh'}",0.44979381851153377,0.38440614341258916,0.4114009870465356,0.4538341468015936,0.4530926332698543,0.43050554580842126,0.02798777116848676,20,0.9031874580148045,0.898903793831531,0.8982788165106741,0.9091033595344638,0.913065605864343,0.9045078067511632,0.005767211320053406,22
21,190.83477935791015,0.6424313839803366,0.08562278747558594,0.007977076190465834,0.5,0.0001,"(32, 32)",0.1,relu,"{'smote__sampling_strategy': 0.5, 'mlp__learning_rate_init': 0.0001, 'mlp__hidden_layer_sizes': (32, 32), 'mlp__alpha': 0.1, 'mlp__activation': 'relu'}",0.4684167846492513,0.42641082380631834,0.40904607688465067,0.46685733126947754,0.45800399416628385,0.44574700215519636,0.023793463790102897,5,0.9140876912131898,0.9073117925834182,0.904006516611939,0.9158373935272413,0.9167002153988069,0.911588721866919,0.005024049868822384,2
22,51.11397881507874,5.822511652255425,0.06868481636047363,0.005901613100697162,1,0.01,"(4, 4)",0.0001,tanh,"{'smote__sampling_strategy': 1, 'mlp__learning_rate_init': 0.01, 'mlp__hidden_layer_sizes': (4, 4), 'mlp__alpha': 0.0001, 'mlp__activation': 'tanh'}",0.4379084015612899,0.38608392555368876,0.3945625660867552,0.40530218008014535,0.41657148829531043,0.4080857123154379,0.01808924179821789,30,0.9099042910995654,0.9006891450974583,0.8969121429489338,0.9054884376471972,0.9053965619602764,0.9036781157506862,0.004465599976243797,28
23,213.58074045181274,21.162268058357622,0.1318741798400879,0.010915762000246536,0.5,0.01,"(32, 32)",1e-05,relu,"{'smote__sampling_strategy': 0.5, 'mlp__learning_rate_init': 0.01, 'mlp__hidden_layer_sizes': (32, 32), 'mlp__alpha': 1e-05, 'mlp__activation': 'relu'}",0.3693569458424119,0.3502829378134301,0.3801391111902512,0.40019828537069785,0.3622446256524494,0.3724443811738481,0.016936262336373787,46,0.8932228795361892,0.881520595179306,0.8899390317094176,0.8988603857552205,0.9099713333137069,0.8947028450987681,0.009477001695619916,41
24,69.05882792472839,19.988945986668345,0.06936564445495605,0.0018545608143127707,1,0.001,"(4, 4)",0.1,tanh,"{'smote__sampling_strategy': 1, 'mlp__learning_rate_init': 0.001, 'mlp__hidden_layer_sizes': (4, 4), 'mlp__alpha': 0.1, 'mlp__activation': 'tanh'}",0.4448897470741181,0.4248328040390191,0.38634345631755723,0.4423971436641483,0.3973735500880973,0.41916734023658797,0.023603983161583637,27,0.9138169229663109,0.9109570945302297,0.899382396662465,0.9174495726369917,0.9084192597935312,0.9100050493179056,0.006102674431753457,5
25,73.6052773475647,16.157175734319125,0.10494928359985352,0.0025900209129764693,1,0.01,"(32, 32)",0.1,tanh,"{'smote__sampling_strategy': 1, 'mlp__learning_rate_init': 0.01, 'mlp__hidden_layer_sizes': (32, 32), 'mlp__alpha': 0.1, 'mlp__activation': 'tanh'}",0.43729995755056317,0.439582289821384,0.40280508715529834,0.4510275965254708,0.430692439587019,0.4322814741279471,0.01613249274184958,18,0.9057970867669785,0.9051608734848567,0.8987569895507402,0.911206503179463,0.8986191660778773,0.903908123811983,0.004752076646486103,26
26,139.71719646453857,0.4237552995602439,0.08682851791381836,0.0032981032733209468,0.33,0.001,"(16, 16)",0.0001,tanh,"{'smote__sampling_strategy': 0.33, 'mlp__learning_rate_init': 0.001, 'mlp__hidden_layer_sizes': (16, 16), 'mlp__alpha': 0.0001, 'mlp__activation': 'tanh'}",0.4099782567303612,0.37419571286986053,0.3807870536010217,0.4362713475910589,0.4272523882933505,0.40569695181713056,0.024619468616244006,31,0.8982145320765512,0.8979314226918894,0.8932219585557577,0.9061930836866071,0.9046878066611712,0.9000497607343952,0.0047691967833915876,33
27,103.0438018321991,57.191883649459086,0.20449328422546387,0.07737813788448078,1,0.1,"(16, 16)",1e-05,relu,"{'smote__sampling_strategy': 1, 'mlp__learning_rate_init': 0.1, 'mlp__hidden_layer_sizes': (16, 16), 'mlp__alpha': 1e-05, 'mlp__activation': 'relu'}",0.3192816130898589,0.35128170926611957,0.4225429286998757,0.45256490762850193,0.3678189099113512,0.38269801371914147,0.0483715037987148,44,0.8992230977471529,0.8943750260560714,0.8880014423781533,0.8888267388915058,0.9072453608298007,0.8955343331805368,0.007125102253658652,40
28,33.336076498031616,14.167725360527603,0.10418949127197266,0.006666874664857187,0.25,0.01,"(8, 8)",0.1,logistic,"{'smote__sampling_strategy': 0.25, 'mlp__learning_rate_init': 0.01, 'mlp__hidden_layer_sizes': (8, 8), 'mlp__alpha': 0.1, 'mlp__activation': 'logistic'}",0.47023494755010514,0.44463439107348407,0.41971897118691304,0.4703305122408449,0.44245988945385484,0.4494757423010404,0.019099698070050516,2,0.9133921053925798,0.9047976388026492,0.8970418783923929,0.9121097429934056,0.9038829437509812,0.9062448618664017,0.005964024434213339,18
29,328.443345117569,3.6453466729167303,0.1921144962310791,0.004016956806733018,0.33,0.001,"(64, 64)",0.01,tanh,"{'smote__sampling_strategy': 0.33, 'mlp__learning_rate_init': 0.001, 'mlp__hidden_layer_sizes': (64, 64), 'mlp__alpha': 0.01, 'mlp__activation': 'tanh'}",0.35140645296923706,0.35533904480030487,0.35996022637237574,0.38893220045979665,0.43162024179371916,0.3774516332790867,0.03013074467510877,45,0.8743990218942223,0.8767704237080994,0.8808391924573422,0.8974185875922437,0.9074065419414351,0.8873667535186686,0.012850570497991898,45
30,36.63425922393799,9.126819209291027,0.07998557090759277,0.004844804100059781,0.33,0.01,"(4, 4)",0.01,tanh,"{'smote__sampling_strategy': 0.33, 'mlp__learning_rate_init': 0.01, 'mlp__hidden_layer_sizes': (4, 4), 'mlp__alpha': 0.01, 'mlp__activation': 'tanh'}",0.4356348286427548,0.42634478686225513,0.4067177279568458,0.46252455627521716,0.43119388825944077,0.4324831575993027,0.01797563818153846,17,0.9121498869864911,0.900381783228099,0.8968393854948407,0.912728155911446,0.8996279586669806,0.9043454340575714,0.006715435625244703,24
31,59.96646146774292,14.179791066398737,0.09191970825195313,0.0045150570482910156,0.25,0.01,"(8, 8)",1e-05,tanh,"{'smote__sampling_strategy': 0.25, 'mlp__learning_rate_init': 0.01, 'mlp__hidden_layer_sizes': (8, 8), 'mlp__alpha': 1e-05, 'mlp__activation': 'tanh'}",0.439662233449096,0.41169698141486905,0.3771353628077729,0.4302100492266974,0.41695840570304105,0.41513260652029527,0.021391397654667434,28,0.9041139029302588,0.9038247764734443,0.8880793266233156,0.9074938790430209,0.8965761893546869,0.9000176148849454,0.006950319664166934,34
32,144.24364190101625,16.69912160243891,0.07546734809875488,0.005605736008659084,0.5,0.0001,"(4, 4)",0.01,relu,"{'smote__sampling_strategy': 0.5, 'mlp__learning_rate_init': 0.0001, 'mlp__hidden_layer_sizes': (4, 4), 'mlp__alpha': 0.01, 'mlp__activation': 'relu'}",0.44295612569967996,0.44585743247491744,0.40719722789374363,0.45157642755378014,0.4395465367546709,0.4374267500753584,0.015621659835977492,10,0.9105253082045663,0.9084154648332525,0.8962098646705214,0.909673565316376,0.907356924163919,0.9064362254377271,0.005225791741625503,17
33,130.97395777702332,3.205476161508487,0.09290719032287598,0.01064409071740288,0.25,0.0001,"(4, 4)",0.001,logistic,"{'smote__sampling_strategy': 0.25, 'mlp__learning_rate_init': 0.0001, 'mlp__hidden_layer_sizes': (4, 4), 'mlp__alpha': 0.001, 'mlp__activation': 'logistic'}",0.47707241175609744,0.4484985391120086,0.4082529693723123,0.48538493953973466,0.42552171402867356,0.4489461147617654,0.02940650094508632,3,0.9121336163322004,0.9082583762709759,0.8942082058005681,0.9102950448461297,0.9045846458431465,0.9058959778186042,0.006358686305868103,19
34,202.9002791404724,6.378623686703165,0.08633937835693359,0.008445994871926592,1,0.0001,"(4, 4)",0.001,tanh,"{'smote__sampling_strategy': 1, 'mlp__learning_rate_init': 0.0001, 'mlp__hidden_layer_sizes': (4, 4), 'mlp__alpha': 0.001, 'mlp__activation': 'tanh'}",0.44255629283431674,0.4224576421703856,0.39864394772151446,0.4331499580479307,0.40321246797486654,0.4200040617498028,0.01688579205163131,25,0.9159377567041083,0.9098521636071389,0.8975904757361258,0.9132081419767624,0.902967682819124,0.9079112441686519,0.006741012653785385,11
35,138.96187810897828,57.78292990053206,0.8115201473236084,0.6380637482642827,0.33,0.1,"(64, 64)",1e-05,relu,"{'smote__sampling_strategy': 0.33, 'mlp__learning_rate_init': 0.1, 'mlp__hidden_layer_sizes': (64, 64), 'mlp__alpha': 1e-05, 'mlp__activation': 'relu'}",0.40404286669946626,0.3595674908579847,0.3789191687070073,0.4000625588370216,0.382481211348673,0.38501465929003054,0.015997772989519776,42,0.8983773000181555,0.8959467405612246,0.8965765990783686,0.9043311597189512,0.9018150048084472,0.8994093608370294,0.0031965811436879088,35
36,512.1798318862915,2.624106147962361,0.15761165618896483,0.010947850999315114,1,0.0001,"(64, 64)",0.0001,tanh,"{'smote__sampling_strategy': 1, 'mlp__learning_rate_init': 0.0001, 'mlp__hidden_layer_sizes': (64, 64), 'mlp__alpha': 0.0001, 'mlp__activation': 'tanh'}",0.39525730705127593,0.39037099032488914,0.38996361665165913,0.4200299062732343,0.4146586538601623,0.40205609483224414,0.012734799589744671,32,0.8987560071716132,0.8885498248264521,0.8971737627901925,0.9050418776495524,0.9153883189079918,0.9009819582691604,0.008922346387171511,31
37,24.664028453826905,4.732887887894081,0.08846874237060547,0.01157504034970353,0.25,0.1,"(4, 4)",0.0001,relu,"{'smote__sampling_strategy': 0.25, 'mlp__learning_rate_init': 0.1, 'mlp__hidden_layer_sizes': (4, 4), 'mlp__alpha': 0.0001, 'mlp__activation': 'relu'}",0.4318158363337157,0.4165009231070699,0.35969242585962197,0.42990179477195495,0.4152412657418661,0.41063044916284575,0.026346194044151214,29,0.9087347380495268,0.8999376864640006,0.8835196753040508,0.9089609767526299,0.8998230565041608,0.9001952266148738,0.009252464321040621,32
38,37.2867730140686,18.82343137962988,0.07835640907287597,0.003872872833194387,0.33,0.01,"(4, 4)",0.01,relu,"{'smote__sampling_strategy': 0.33, 'mlp__learning_rate_init': 0.01, 'mlp__hidden_layer_sizes': (4, 4), 'mlp__alpha': 0.01, 'mlp__activation': 'relu'}",0.4653876589878941,0.42736996390772497,0.3952854776095268,0.4646662634962448,0.41483256538134833,0.43350838587654783,0.02769317101271417,15,0.9122963228751093,0.9041818098874126,0.897199243248799,0.9132227390485161,0.9080513890524415,0.9069903008224557,0.00586302812955218,14
39,150.1519869327545,14.024444735581747,0.08474526405334473,0.008809007599307889,0.5,0.0001,"(4, 4)",0.0001,relu,"{'smote__sampling_strategy': 0.5, 'mlp__learning_rate_init': 0.0001, 'mlp__hidden_layer_sizes': (4, 4), 'mlp__alpha': 0.0001, 'mlp__activation': 'relu'}",0.4600680861747068,0.42726226369710507,0.39134739868616436,0.4623770516816759,0.42821968211297373,0.4338548964705252,0.026010576571789228,14,0.9139450006449932,0.905267891411004,0.8994526674693932,0.9163059104647511,0.903254871006045,0.9076452681992373,0.006430234334224156,13
40,65.60644464492798,5.217156673226637,0.23985042572021484,0.03478992910110251,1,0.1,"(32, 32)",0.01,logistic,"{'smote__sampling_strategy': 1, 'mlp__learning_rate_init': 0.1, 'mlp__hidden_layer_sizes': (32, 32), 'mlp__alpha': 0.01, 'mlp__activation': 'logistic'}",0.3770953030463798,0.37808390815080106,0.36286523335035115,0.41933815538941416,0.41253858265643273,0.38998423651867575,0.02197058869002722,38,0.8922923209081406,0.8909895019896553,0.8751840656140842,0.8979868307426597,0.8858209687549066,0.8884547376018892,0.007681931386382968,44
41,693.8750437736511,128.7232249356617,0.4057284355163574,0.02390984262197633,1,0.01,"(64, 64)",1e-05,logistic,"{'smote__sampling_strategy': 1, 'mlp__learning_rate_init': 0.01, 'mlp__hidden_layer_sizes': (64, 64), 'mlp__alpha': 1e-05, 'mlp__activation': 'logistic'}",0.3688632711064358,0.35087140059642724,0.34264141413912547,0.38341223467681185,0.4051953106739009,0.3701967262385402,0.022512628075905747,47,0.876442984465332,0.867946755788101,0.8861955532486018,0.8916004278536661,0.901439467538075,0.8847250377787551,0.011652542385700845,46
42,451.84385895729065,31.170415492212527,0.22048110961914064,0.03397583229689514,0.5,0.001,"(64, 64)",0.01,relu,"{'smote__sampling_strategy': 0.5, 'mlp__learning_rate_init': 0.001, 'mlp__hidden_layer_sizes': (64, 64), 'mlp__alpha': 0.01, 'mlp__activation': 'relu'}",0.36434355299935905,0.3492985860361253,0.34557800896772495,0.4347848822131942,0.4231400926301177,0.3834290245693043,0.03788465251907517,43,0.8834454442812671,0.8765913851122039,0.8930093348734582,0.9100208284267546,0.9158586144802952,0.8957851214347958,0.015059698628572999,39
43,233.23429608345032,8.25472091463282,0.11831951141357422,0.014473520381345022,0.33,0.0001,"(32, 32)",0.01,tanh,"{'smote__sampling_strategy': 0.33, 'mlp__learning_rate_init': 0.0001, 'mlp__hidden_layer_sizes': (32, 32), 'mlp__alpha': 0.01, 'mlp__activation': 'tanh'}",0.43294212808159366,0.41926846062223816,0.4063412099175352,0.46398348758712654,0.43225735678648464,0.43095852859899564,0.019177797611308237,19,0.9077437324058202,0.9065178460527177,0.9011950703478622,0.9116306769116032,0.9145864612772806,0.9083347573990567,0.004573237264482673,9
44,160.60027375221253,11.60503676855894,0.15630064010620118,0.012633256902876073,0.33,0.01,"(16, 16)",0.001,logistic,"{'smote__sampling_strategy': 0.33, 'mlp__learning_rate_init': 0.01, 'mlp__hidden_layer_sizes': (16, 16), 'mlp__alpha': 0.001, 'mlp__activation': 'logistic'}",0.4177947929016955,0.4038325108805659,0.4093422497093561,0.44588853423678376,0.458758934210555,0.4271234043877913,0.02144105883457434,24,0.9017898395105638,0.8961402999485909,0.894102907037893,0.9071369254396294,0.9077408639503848,0.9013821671774123,0.0055530399649520055,30
45,155.35503039360046,15.489965654477054,0.1467505931854248,0.005417669731293872,0.33,0.001,"(16, 16)",0.1,logistic,"{'smote__sampling_strategy': 0.33, 'mlp__learning_rate_init': 0.001, 'mlp__hidden_layer_sizes': (16, 16), 'mlp__alpha': 0.1, 'mlp__activation': 'logistic'}",0.47170874068966573,0.4482002694537951,0.42483571882608695,0.4761434319255995,0.4441606840511661,0.4530097689892627,0.01886813502243913,1,0.915093033452281,0.9132767986425484,0.9029938065293953,0.9143340791333019,0.9129447813628513,0.9117284998240756,0.00443352155824186,1
46,91.8499005317688,14.02220169343497,0.07882614135742187,0.004996222224929344,0.5,0.001,"(8, 8)",0.1,relu,"{'smote__sampling_strategy': 0.5, 'mlp__learning_rate_init': 0.001, 'mlp__hidden_layer_sizes': (8, 8), 'mlp__alpha': 0.1, 'mlp__activation': 'relu'}",0.4634038031397406,0.43265199245661295,0.4062931013861131,0.4627218190061617,0.44990753998571276,0.4429956511948682,0.021482350930654447,6,0.9152548497141062,0.9095974204197692,0.8997314482460267,0.9137183035013346,0.9118368758831841,0.9100277795528842,0.0054847918170292985,4
47,44.12268228530884,15.804927772903174,0.07305116653442383,0.0038513190028878503,1,0.01,"(4, 4)",0.01,tanh,"{'smote__sampling_strategy': 1, 'mlp__learning_rate_init': 0.01, 'mlp__hidden_layer_sizes': (4, 4), 'mlp__alpha': 0.01, 'mlp__activation': 'tanh'}",0.3964263607221683,0.39406907098996,0.3852698965801684,0.41710657460908673,0.41096917548043305,0.40076821567636334,0.0116183449106907,34,0.9063598058106621,0.9011521526597516,0.8919115875977336,0.9057770058093894,0.903614860555032,0.9017630824865137,0.005255391794578762,29
48,239.552348279953,0.8649453941006259,0.07958030700683594,0.007278744384347713,1,0.001,"(16, 16)",0.001,relu,"{'smote__sampling_strategy': 1, 'mlp__learning_rate_init': 0.001, 'mlp__hidden_layer_sizes': (16, 16), 'mlp__alpha': 0.001, 'mlp__activation': 'relu'}",0.4174018855859381,0.3624408786479999,0.37158374189992743,0.43210360993491403,0.4250812565126036,0.4017222745162766,0.02886477782574237,33,0.9012768534101848,0.8983982983719951,0.9051065970380902,0.9102554242227978,0.9176234495211179,0.9065321245128372,0.006821870444424785,16
49,203.4258192539215,38.64986122195902,0.21199312210083007,0.057859861172868565,0.33,0.01,"(64, 64)",0.01,relu,"{'smote__sampling_strategy': 0.33, 'mlp__learning_rate_init': 0.01, 'mlp__hidden_layer_sizes': (64, 64), 'mlp__alpha': 0.01, 'mlp__activation': 'relu'}",0.44704528214808537,0.39970888188910203,0.41074748454200755,0.46105607160035683,0.44847552211631564,0.4334066484591735,0.023776253125635503,16,0.9025293253984115,0.8986847232862104,0.8983814751294453,0.9091984858298005,0.9104256518389857,0.9038439322965706,0.005102437513329898,27
